{
    "num_inputs": 3,
    "num_layers": 4,
    "num_neurons": 256,
    "use_ode": false,
    "n_state_vars": 0,
    "loss_function": "L2",
    "weight_strategy": "dynamic",
    "alpha": 0.9,
    "computation_time": 1707.5193829536438,
    "validation_time": 0.001409292221069336,
    "rmse": 0.07765762989643962,
    "relative_rmse": 0.18276632699649045
}