{
    "rmse_T": 0.030850894943622153,
    "rel_rmse_T": 0.10297627367038688,
    "global_rmse": 0.037210150324329276,
    "global_rel_rmse": 0.16777944466820352,
    "predicted_M": [
        1.007173776626587,
        0.28011825680732727,
        0.5969007015228271,
        0.3450343608856201
    ],
    "training_time_s": 2227.300318479538
}