{
    "num_inputs": 3,
    "num_layers": 5,
    "num_neurons": 256,
    "use_ode": false,
    "n_state_vars": 0,
    "loss_function": "L2",
    "weight_strategy": "manual",
    "alpha": 1.0,
    "training_time": 1126.7883913516998,
    "validation_time": 0.00922703742980957,
    "global_rmse": 0.0036753425808586293,
    "global_relative_rmse": 0.019513938929484814
}