{
    "num_inputs": 3,
    "num_layers": 5,
    "num_neurons": 512,
    "use_ode": false,
    "n_state_vars": 0,
    "loss_function": "L2",
    "weight_strategy": "dynamic",
    "alpha": 0.9,
    "computation_time": 3831.2571313381195,
    "validation_time": 0.003378629684448242,
    "rmse": 0.03873320471609047,
    "relative_rmse": 0.09115814593109998
}