{
    "num_inputs": 3,
    "num_layers": 5,
    "num_neurons": 256,
    "use_ode": false,
    "n_state_vars": 0,
    "loss_function": "L2",
    "weight_strategy": "dynamic",
    "alpha": 0.9,
    "validation_time": 0.0014605522155761719,
    "computation_time": 894.3737609386444,
    "rmse": 0.020741453276659567,
    "relative_rmse": 0.048814768581009575
}