{
    "num_inputs": 3,
    "num_layers": 3,
    "num_neurons": 128,
    "use_ode": false,
    "n_state_vars": 0,
    "loss_function": "L2",
    "weight_strategy": "manual",
    "alpha": 1.0,
    "training_time": 590.4965713024139,
    "validation_time": 0.00471949577331543,
    "global_rmse": 0.004566320966270298,
    "global_relative_rmse": 0.02424451775796302
}