{
    "num_inputs": 3,
    "num_layers": 3,
    "num_neurons": 128,
    "use_ode": false,
    "n_state_vars": 0,
    "loss_function": "L2",
    "weight_strategy": "dynamic",
    "alpha": 0.9,
    "computation_time": 1076.2803175449371,
    "validation_time": 0.023768901824951172,
    "rmse": 0.00997126573032468,
    "relative_rmse": 0.023467257698537764
}