{
    "rmse_T": 0.02275551889304308,
    "rel_rmse_T": 0.07595496160885576,
    "global_rmse": 0.010007930535556157,
    "global_rel_rmse": 0.0451254567073248,
    "predicted_M": [
        0.9884036779403687,
        0.2049020528793335,
        0.15066663920879364,
        0.45155441761016846
    ],
    "training_time_s": 2235.7829558849335
}