{
    "num_inputs": 3,
    "num_layers": 3,
    "num_neurons": 256,
    "use_ode": false,
    "n_state_vars": 0,
    "loss_function": "L2",
    "weight_strategy": "dynamic",
    "alpha": 0.9,
    "validation_time": 0.0009827613830566406,
    "computation_time": 679.8185257911682,
    "rmse": 0.0131812265288565,
    "relative_rmse": 0.031021863031365202
}