{
    "rmse_T": 0.030240570006249662,
    "rel_rmse_T": 0.10093908843172253,
    "global_rmse": 0.002238543849103347,
    "global_rel_rmse": 0.010093526647819375,
    "predicted_M": [
        0.986510694026947,
        0.20506344735622406,
        0.1872083693742752,
        0.485656201839447
    ],
    "training_time_s": 2234.4245562553406
}