{
  "num_inputs": 4,
  "num_layers": 3,
  "num_neurons": 128,
  "use_ode": true,
  "n_state_vars": 1,
  "loss_function": "L2",
  "weight_strategy": "dynamic",
  "alpha": 0.9,
  "M": 0.1,
  "training_time": 1765.4761090278625,
  "global_rmse": 0.051697536251170795,
  "global_rel_rmse": 0.21289074650367293
}