{
    "rmse_T": 0.03130736289091302,
    "rel_rmse_T": 0.10449990429270377,
    "global_rmse": 0.003224905446788304,
    "global_rel_rmse": 0.014541001319627413,
    "predicted_M": [
        0.9931164979934692,
        0.19461573660373688,
        0.1911873072385788,
        0.49829474091529846
    ],
    "training_time_s": 2228.2294461727142
}