{
    "rmse_T": 0.03078372370932288,
    "rel_rmse_T": 0.1027520648291646,
    "global_rmse": 0.00611360172168848,
    "global_rel_rmse": 0.02756604563128583,
    "predicted_M": [
        0.9992204904556274,
        0.2340778261423111,
        0.12044090032577515,
        0.48037195205688477
    ],
    "training_time_s": 2227.980669260025
}