{
    "rmse_T": 0.029419888874165506,
    "rel_rmse_T": 0.0981997615821106,
    "global_rmse": 0.0018490502800743225,
    "global_rel_rmse": 0.008337311901468327,
    "predicted_M": [
        0.9821645617485046,
        0.20284466445446014,
        0.18484099209308624,
        0.4856344163417816
    ],
    "training_time_s": 2235.719765663147
}