{
    "num_inputs": 3,
    "num_layers": 5,
    "num_neurons": 128,
    "use_ode": false,
    "n_state_vars": 0,
    "loss_function": "L2",
    "weight_strategy": "manual",
    "alpha": 1.0,
    "training_time": 728.5865218639374,
    "validation_time": 0.0061779022216796875,
    "global_rmse": 0.0033721678240620765,
    "global_relative_rmse": 0.017904256686555712
}