{
    "num_inputs": 3,
    "num_layers": 5,
    "num_neurons": 512,
    "use_ode": false,
    "n_state_vars": 0,
    "loss_function": "L2",
    "weight_strategy": "dynamic",
    "alpha": 0.9,
    "validation_time": 0.0036134719848632812,
    "computation_time": 1479.517041683197,
    "rmse": 0.2895434841407669,
    "relative_rmse": 0.6814372157989426
}