{
    "rmse_T": 0.036700919935418755,
    "rel_rmse_T": 0.1225028960142352,
    "global_rmse": 0.015465936706440076,
    "global_rel_rmse": 0.06973544178840599,
    "predicted_M": [
        0.652084469795227,
        0.07802781462669373,
        0.3805801272392273,
        0.5539080500602722
    ],
    "training_time_s": 2231.8748681545258
}