{
    "num_inputs": 3,
    "num_layers": 4,
    "num_neurons": 128,
    "use_ode": false,
    "n_state_vars": 0,
    "loss_function": "L2",
    "weight_strategy": "manual",
    "alpha": 1.0,
    "training_time": 655.3528716564178,
    "validation_time": 0.005572795867919922,
    "global_rmse": 0.0022532560395827753,
    "global_relative_rmse": 0.011963483615897079
}