{
    "num_inputs": 3,
    "num_layers": 4,
    "num_neurons": 512,
    "use_ode": false,
    "n_state_vars": 0,
    "loss_function": "L2",
    "weight_strategy": "dynamic",
    "alpha": 0.9,
    "computation_time": 3162.8175814151764,
    "validation_time": 0.002802133560180664,
    "rmse": 0.019787525195098115,
    "relative_rmse": 0.04656970995742945
}