{
    "num_inputs": 3,
    "num_layers": 4,
    "num_neurons": 256,
    "use_ode": false,
    "n_state_vars": 0,
    "loss_function": "L2",
    "weight_strategy": "dynamic",
    "alpha": 0.9,
    "validation_time": 0.0010483264923095703,
    "computation_time": 783.4950528144836,
    "rmse": 0.019477950278597868,
    "relative_rmse": 0.04584112899900402
}