{
    "num_inputs": 3,
    "num_layers": 5,
    "num_neurons": 256,
    "use_ode": false,
    "n_state_vars": 0,
    "loss_function": "L2",
    "weight_strategy": "dynamic",
    "alpha": 0.9,
    "computation_time": 1944.7465059757233,
    "validation_time": 0.0018270015716552734,
    "rmse": 0.4253274753824547,
    "relative_rmse": 1.0010032568597025
}