{
    "num_inputs": 3,
    "num_layers": 5,
    "num_neurons": 512,
    "use_ode": false,
    "n_state_vars": 0,
    "loss_function": "L2",
    "weight_strategy": "manual",
    "alpha": 1.0,
    "training_time": 2758.1794860363007,
    "validation_time": 0.01462244987487793,
    "global_rmse": 0.011038565736887997,
    "global_relative_rmse": 0.058608386271413376
}