{
    "num_inputs": 3,
    "num_layers": 3,
    "num_neurons": 512,
    "use_ode": false,
    "n_state_vars": 0,
    "loss_function": "L2",
    "weight_strategy": "dynamic",
    "alpha": 0.9,
    "computation_time": 2480.2087585926056,
    "validation_time": 0.002246856689453125,
    "rmse": 0.01971555543383132,
    "relative_rmse": 0.046400329962970596
}