{
    "num_inputs": 3,
    "num_layers": 3,
    "num_neurons": 512,
    "use_ode": false,
    "n_state_vars": 0,
    "loss_function": "L2",
    "weight_strategy": "dynamic",
    "alpha": 0.9,
    "validation_time": 0.0022590160369873047,
    "computation_time": 959.4502625465393,
    "rmse": 0.01546702994025258,
    "relative_rmse": 0.03640147472301771
}