{
    "num_inputs": 3,
    "num_layers": 3,
    "num_neurons": 256,
    "use_ode": false,
    "n_state_vars": 0,
    "loss_function": "L2",
    "weight_strategy": "dynamic",
    "alpha": 0.9,
    "computation_time": 1424.3414952754974,
    "validation_time": 0.09890580177307129,
    "rmse": 0.003000688504711541,
    "relative_rmse": 0.0070620854280264754
}