{
    "num_inputs": 3,
    "num_layers": 5,
    "num_neurons": 128,
    "use_ode": false,
    "n_state_vars": 0,
    "loss_function": "L2",
    "weight_strategy": "dynamic",
    "alpha": 0.9,
    "computation_time": 1402.6018779277802,
    "validation_time": 0.0009784698486328125,
    "rmse": 0.08346580698169014,
    "relative_rmse": 0.19643580408241276
}