{
    "num_inputs": 3,
    "num_layers": 3,
    "num_neurons": 512,
    "use_ode": false,
    "n_state_vars": 0,
    "loss_function": "L2",
    "weight_strategy": "manual",
    "alpha": 1.0,
    "training_time": 1734.682906627655,
    "validation_time": 0.01106119155883789,
    "global_rmse": 0.003168200355466605,
    "global_relative_rmse": 0.016821307644879224
}