{
    "num_inputs": 3,
    "num_layers": 4,
    "num_neurons": 128,
    "use_ode": false,
    "n_state_vars": 0,
    "loss_function": "L2",
    "weight_strategy": "dynamic",
    "alpha": 0.9,
    "validation_time": 0.00080108642578125,
    "computation_time": 767.6593444347382,
    "rmse": 0.03212969526051362,
    "relative_rmse": 0.07561686337983185
}