{
    "num_inputs": 3,
    "num_layers": 4,
    "num_neurons": 128,
    "use_ode": false,
    "n_state_vars": 0,
    "loss_function": "L2",
    "weight_strategy": "dynamic",
    "alpha": 0.9,
    "computation_time": 1241.5054948329926,
    "validation_time": 0.001238107681274414,
    "rmse": 0.020719001278035647,
    "relative_rmse": 0.04876192806388722
}