{
    "rmse_T": 0.03126075061011579,
    "rel_rmse_T": 0.10434431856358478,
    "global_rmse": 0.0038785922286357754,
    "global_rel_rmse": 0.01748845528821846,
    "predicted_M": [
        0.9479943513870239,
        0.19874371588230133,
        0.1905842274427414,
        0.4813375473022461
    ],
    "training_time_s": 2232.829283475876
}