{
    "num_inputs": 3,
    "num_layers": 4,
    "num_neurons": 512,
    "use_ode": false,
    "n_state_vars": 0,
    "loss_function": "L2",
    "weight_strategy": "dynamic",
    "alpha": 0.9,
    "validation_time": 0.0029191970825195312,
    "computation_time": 1217.6898510456085,
    "rmse": 0.16811427800005269,
    "relative_rmse": 0.3956549941932391
}