{
    "num_inputs": 3,
    "num_layers": 3,
    "num_neurons": 256,
    "use_ode": false,
    "n_state_vars": 0,
    "loss_function": "L2",
    "weight_strategy": "manual",
    "alpha": 1.0,
    "training_time": 790.171144247055,
    "validation_time": 0.008268356323242188,
    "global_rmse": 0.0033328845329746786,
    "global_relative_rmse": 0.01769568517890334
}