{
    "num_inputs": 3,
    "num_layers": 3,
    "num_neurons": 128,
    "use_ode": false,
    "n_state_vars": 0,
    "loss_function": "L2",
    "weight_strategy": "dynamic",
    "alpha": 0.9,
    "validation_time": 0.0007507801055908203,
    "computation_time": 668.5329554080963,
    "rmse": 0.020699301890293908,
    "relative_rmse": 0.04871556578439917
}