{
    "rmse_T": 0.029915727743816883,
    "rel_rmse_T": 0.0998548072211737,
    "global_rmse": 0.0026202703995179258,
    "global_rel_rmse": 0.011814720141676121,
    "predicted_M": [
        1.0192394256591797,
        0.21217285096645355,
        0.2113189995288849,
        0.5007861852645874
    ],
    "training_time_s": 2234.1910021305084
}