{
    "num_inputs": 3,
    "num_layers": 5,
    "num_neurons": 128,
    "use_ode": false,
    "n_state_vars": 0,
    "loss_function": "L2",
    "weight_strategy": "dynamic",
    "alpha": 0.9,
    "validation_time": 0.0009400844573974609,
    "computation_time": 875.9702799320221,
    "rmse": 0.02239510430634923,
    "relative_rmse": 0.05270661700895393
}